segment,start_time,end_time,groove_metric,mean_onset_dev,std_onset_dev,mean_velocity,std_velocity,num_notes
segment_1,0.0,9.29076923125,0.012097738305961118,-0.013873648007907455,0.07043484974911358,56.72992700729927,20.262331975243224,137
segment_2,9.29076923125,18.5815384625,0.012858301607142852,-0.0008932429166664463,0.07593012623590491,58.628571428571426,23.359104330047433,140
segment_3,18.5815384625,27.87230769375,0.011960071961152912,0.005332998120301171,0.07479848784097833,61.421052631578945,24.522572240038492,133
